"","test_id","test","total_elapsed","avg_elapsed"
"1","az-vre-t0001-07_20200806153335","crossprod",33.9499999999998,11.3166666666666
"2","az-vre-t0001-07_20200806153335","chol",5.17000000000007,1.72333333333336
"3","az-vre-t0001-07_20200806153335","eigen",38.1999999999998,12.7333333333333
"4","az-vre-t0001-07_20200806153335","kmeans",25,8.33333333333333
