"","test_id","test","total_elapsed","avg_elapsed"
"1","IRC-VD0022_20200715135754","crossprod",27.03,9.01000000000001
"2","IRC-VD0022_20200715135754","chol",4.49000000000001,1.49666666666667
"3","IRC-VD0022_20200715135754","eigen",32.51,10.8366666666667
"4","IRC-VD0022_20200715135754","kmeans",70.28,23.4266666666667
